{
  "DHT11" : {
    "humidity" : 78,
    "temperature" : 21.799999
  },
  "RGBSwitch" : {
    "B" : false,
    "G" : true,
    "R" : false
  },
  "lcd" : {
    "line1" : "hellq",
    "line2" : "GoHome",
    "relay1" : true,
    "relay2" : true
  },
  "ledControl" : {
    "state" : true
  },
  "rfid" : {
    "records" : {
      "-LpqgEap0MfHvqGWqKeX" : {
        "cardID" : "34-64-67-213-244",
        "timeStamp" : 1569654373188
      },
      "-LpqgLLUe9NPUMk7zBvD" : {
        "cardID" : "22-78-200-59-171",
        "timeStamp" : 1569654400733
      },
      "-LpqgQXyO2M8ERntgaE9" : {
        "cardID" : "34-64-67-213-244",
        "timeStamp" : 1569654422160
      },
      "-LpqgUdEMHAKy-3EnkvD" : {
        "cardID" : "22-78-200-59-171",
        "timeStamp" : 1569654438835
      }
    }
  },
  "touchSensor" : {
    "touch" : true
  }
}
